[
    {
        "intrebare": "Care dintre următoarele fructe este un citric?",
        "variante": [
            "Măr",
            "Portocală",
            "Strugure",
            "Cireașă"
        ],
        "corect": 1
    },
    {
        "intrebare": "Care dintre următoarele este un fruct de pădure?",
        "variante": [
            "Mango",
            "Coacăză",
            "Banană",
            "Strugure"
        ],
        "corect": 1
    },
    {
        "intrebare": "Care dintre următoarele fructe se obține dintr-un pom?",
        "variante": [
            "Căpșună",
            "Măr",
            "Pepene",
            "Kiwi"
        ],
        "corect": 1
    },
    {
        "intrebare": "Care dintre următoarele fructe are un conținut mare de vitamina A?",
        "variante": [
            "Mango",
            "Banană",
            "Căpșună",
            "Piersică"
        ],
        "corect": 0
    },
    {
        "intrebare": "Care dintre următoarele fructe este bogat în fibre?",
        "variante": [
            "Banană",
            "Măr",
            "Piersică",
            "Portocală"
        ],
        "corect": 1
    },
    {
        "intrebare": "Care dintre următoarele fructe este un exemplu de fruct din familia rozaceelor?",
        "variante": [
            "Măr",
            "Lămâie",
            "Kiwi",
            "Portocală"
        ],
        "corect": 0
    },
    {
        "intrebare": "Care dintre următoarele fructe este folosit în principal pentru a face vin?",
        "variante": [
            "Strugure",
            "Măr",
            "Piersic",
            "Banana"
        ],
        "corect": 0
    },
    {
        "intrebare": "Care dintre următoarele este un fruct de sezon?",
        "variante": [
            "Măr",
            "Portocală",
            "Căpșună",
            "Kiwi"
        ],
        "corect": 2
    },
    {
        "intrebare": "Care dintre următoarele fructe este bogat în vitamina C?",
        "variante": [
            "Banana",
            "Lămâie",
            "Strugure",
            "Piersic"
        ],
        "corect": 1
    },
    {
        "intrebare": "Care dintre următoarele fructe este un exemplu de fruct cu sâmburi mari?",
        "variante": [
            "Căpșună",
            "Prună",
            "Kiwi",
            "Banana"
        ],
        "corect": 1
    },
    {
        "intrebare": "Care dintre următoarele fructe are un conținut mare de potasiu?",
        "variante": [
            "Strugure",
            "Banana",
            "Măr",
            "Căpșună"
        ],
        "corect": 1
    }
]