<?xml version="1.0" encoding="UTF-8"?>
<persoane>
    <persoana id="1">
        <cnp>6030323170022</cnp>
        <nume>Popescu</nume>
        <prenume>Ion</prenume>
        <varsta>23</varsta>
        <adresa>
            <strada>strada Florilor</strada>
            <numar>3</numar>
            <localitate>Iasi</localitate>
            <tara>Romania</tara>
        </adresa>
        <telefon>0747176000</telefon>
    </persoana>
    <persoana id="2">
        <cnp>6031206170022</cnp>
        <nume>Moisoiu</nume>
        <prenume>Nicola</prenume>
        <varsta>21</varsta>
        <adresa>
            <strada>strada Lalelelor</strada>
            <numar>6</numar>
            <localitate>Iasi</localitate>
            <tara>Romania</tara>
        </adresa>
        <telefon>0753380462</telefon>
    </persoana>
    <persoana id="3">
        <cnp>6030323170041</cnp>
        <nume>Andrei</nume>
        <prenume>Iulia</prenume>
        <varsta>24</varsta>
        <adresa>
            <strada>strada Bujor</strada>
            <numar>13</numar>
            <localitate>Iasi</localitate>
            <tara>Romania</tara>
        </adresa>
        <telefon>0747376002</telefon>
    </persoana>
</persoane>