[
    {
        "utilizator": "test",
        "parola": "test"
    },
    {
        "utilizator": "nicola",
        "parola": "nicola",
        "nume": "Moisoiu",
        "prenume": "Nicola",
        "email": "andreea-nicola.moisoiu@student.tuiasi.ro",
        "phone": "0753380464",
        "gen": "fem",
        "preferata": "Paste",
        "color": "#c51b1b",
        "nastere": "2003-12-06",
        "ora": "11:45",
        "varsta": "12",
        "adresa": "Iasi",
        "descriere": "aaaaaaaaaaa"
    },
    {
        "utilizator": "nico",
        "parola": "nico",
        "nume": "mois",
        "prenume": "andr",
        "email": "andreeanicola2003@gmail.com",
        "phone": "0753380463",
        "gen": "fem",
        "preferata": "Ciorbă",
        "color": "#db1f1f",
        "nastere": "2003-12-07",
        "ora": "11:44",
        "varsta": "14",
        "adresa": "galati",
        "descriere": "aaaaaaaaaaaaaaaaaaaaaaaaaa"
    },
    {
        "utilizator": "maria88",
        "parola": "mariaa88",
        "nume": "Ion",
        "prenume": "Maria",
        "email": "maria@gmail.com",
        "phone": "0768564786",
        "gen": "fem",
        "preferata": "Orez cu pui",
        "color": "#28e6d9",
        "nastere": "2003-03-23",
        "ora": "10:00",
        "varsta": "15",
        "adresa": "Iasi",
        "descriere": "cevaa"
    }
]